{"cameraMode":{"drawMode":0,"name":"Shaded","section":"Shading Mode"},"sceneLighting":true,"audioPlay":false,"sceneViewState":{"m_AlwaysRefresh":false,"showFog":true,"showSkybox":true,"showFlares":true,"showImageEffects":true,"showParticleSystems":true,"showVisualEffectGraphs":true,"m_FxEnabled":true},"in2DMode":false,"pivot":{"x":1.5854358673095704,"y":-4.075474739074707,"z":-0.26755523681640627},"rotation":{"x":-0.0729207843542099,"y":0.9091054797172546,"z":-0.17984989285469056,"w":-0.36860033869743349},"size":7.7590250968933109,"orthographic":false}